User Input,Chatbot Response,Timestamp
hello,Hi there,2024-09-10 01:21:51
how are you ,My purpose is to assist you,2024-09-10 01:21:57
weather ,"I'm sorry, I cannot provide real-time weather information.",2024-09-10 01:22:20
How do I create a budget,"To make a budget, start by tracking your income and expenses. Then, allocate your income towards essential expenses like rent, food, and bills. Next, allocate some of your income towards savings and debt repayment. Finally, allocate the remainder of your income towards discretionary expenses like entertainment and hobbies.",2024-09-10 01:22:30
Today is a nice weather,"I'm sorry, I cannot provide real-time weather information.",2024-10-03 08:29:52
How's the weather today,"I'm sorry, I cannot provide real-time weather information.",2024-10-03 08:30:47
Hi,Hello,2024-10-03 08:30:56
hii,"Gardening tips include choosing the right plants for your climate, watering properly, and using organic fertilizers.",2024-12-06 19:26:16
Hello,Hello,2024-12-06 19:26:33
Hii,Growing a vegetable garden allows you to enjoy fresh produce and connect with nature.,2024-12-06 19:26:43
Hey,Nothing much,2024-12-06 19:26:54
Hi,Hi there,2024-12-06 19:29:11
Hii,Growing a vegetable garden allows you to enjoy fresh produce and connect with nature.,2024-12-06 19:29:32
Tell me about,"As an AI, I don't watch movies, but I can suggest some popular ones like The Shawshank Redemption, Inception, or The Godfather.",2024-12-07 21:28:42
Tell me about,"As an AI, I don't watch movies, but I can suggest some popular ones like The Shawshank Redemption, Inception, or The Godfather.",2024-12-07 21:29:06
Tell me about education,"Education is the process of acquiring knowledge, skills, values, and attitudes. It plays a crucial role in personal and societal development.",2024-12-07 22:37:14
How can I improve my credit score,You can check your credit score for free on several websites such as Credit Karma and Credit Sesame.,2024-12-08 14:54:49
What's your favorite movie,"As an AI, I don't watch movies, but I can suggest some popular ones like The Shawshank Redemption, Inception, or The Godfather.",2024-12-08 15:29:50
What is the meaning of life,"The purpose of life is subjective and can vary from person to person. Some find purpose in relationships, careers, or helping others.",2024-12-08 15:33:42
